,danceability,energy,key,loudness,mode,speechiness,acousticness,instrumentalness,liveness,valence,tempo,type,id,uri,track_href,analysis_url,duration_ms,time_signature,song_name,artist
0,0.491,0.801,4,-9.835,1,0.0361,0.27,0.0,0.0665,0.971,160.109,audio_features,3KiexfmhxHvG5IgAElmTkd,spotify:track:3KiexfmhxHvG5IgAElmTkd,https://api.spotify.com/v1/tracks/3KiexfmhxHvG5IgAElmTkd,https://api.spotify.com/v1/audio-analysis/3KiexfmhxHvG5IgAElmTkd,173947,4,i saw her standing there ,the beatles
1,0.591,0.605,0,-10.925,1,0.0413,0.707,0.0,0.309,0.882,133.348,audio_features,40qXGg5nRbcWzcFb26KWkQ,spotify:track:40qXGg5nRbcWzcFb26KWkQ,https://api.spotify.com/v1/tracks/40qXGg5nRbcWzcFb26KWkQ,https://api.spotify.com/v1/audio-analysis/40qXGg5nRbcWzcFb26KWkQ,108547,4,misery ,the beatles
2,0.608,0.565,2,-11.06,1,0.0336,0.635,0.0,0.0601,0.835,109.286,audio_features,2baEFuU0gQon0hgVRioI1o,spotify:track:2baEFuU0gQon0hgVRioI1o,https://api.spotify.com/v1/tracks/2baEFuU0gQon0hgVRioI1o,https://api.spotify.com/v1/audio-analysis/2baEFuU0gQon0hgVRioI1o,177133,4,anna (go to him) ,the beatles
3,0.654,0.561,10,-10.551,1,0.0304,0.608,0.0,0.129,0.929,129.884,audio_features,3JQWLa88R35d971o5bIImd,spotify:track:3JQWLa88R35d971o5bIImd,https://api.spotify.com/v1/tracks/3JQWLa88R35d971o5bIImd,https://api.spotify.com/v1/audio-analysis/3JQWLa88R35d971o5bIImd,145080,4,chains ,the beatles
4,0.402,0.86,4,-10.31,1,0.0504,0.607,0.0,0.736,0.822,142.445,audio_features,7JxGM1R32ZqfwZou3VtnTg,spotify:track:7JxGM1R32ZqfwZou3VtnTg,https://api.spotify.com/v1/tracks/7JxGM1R32ZqfwZou3VtnTg,https://api.spotify.com/v1/audio-analysis/7JxGM1R32ZqfwZou3VtnTg,146440,4,boys ,the beatles
5,0.605,0.394,4,-11.33,1,0.0378,0.767,0.0,0.0967,0.597,133.942,audio_features,7529Z6b1rlGZFFPWjHPeV5,spotify:track:7529Z6b1rlGZFFPWjHPeV5,https://api.spotify.com/v1/tracks/7529Z6b1rlGZFFPWjHPeV5,https://api.spotify.com/v1/audio-analysis/7529Z6b1rlGZFFPWjHPeV5,146533,4,ask me why ,the beatles
6,0.527,0.48,4,-9.61,1,0.028,0.334,0.0,0.0702,0.706,139.388,audio_features,6EHuOufBeL6vk3TvVJB5qo,spotify:track:6EHuOufBeL6vk3TvVJB5qo,https://api.spotify.com/v1/tracks/6EHuOufBeL6vk3TvVJB5qo,https://api.spotify.com/v1/audio-analysis/6EHuOufBeL6vk3TvVJB5qo,120853,4,please please me ,the beatles
7,0.52,0.829,0,-6.228,1,0.0806,0.386,6.2e-05,0.227,0.744,147.997,audio_features,3VbGCXWRiouAq8VyMYN2MI,spotify:track:3VbGCXWRiouAq8VyMYN2MI,https://api.spotify.com/v1/tracks/3VbGCXWRiouAq8VyMYN2MI,https://api.spotify.com/v1/audio-analysis/3VbGCXWRiouAq8VyMYN2MI,141693,4,love me do ,the beatles
8,0.635,0.656,2,-8.5,1,0.0291,0.389,0.00127,0.0828,0.77,134.435,audio_features,7Msq9qojB7yORuJvz49iUy,spotify:track:7Msq9qojB7yORuJvz49iUy,https://api.spotify.com/v1/tracks/7Msq9qojB7yORuJvz49iUy,https://api.spotify.com/v1/audio-analysis/7Msq9qojB7yORuJvz49iUy,124360,4,p.s. i love you ,the beatles
9,0.608,0.494,4,-12.211,0,0.0345,0.778,0.0,0.0926,0.879,112.421,audio_features,2VmB1rF9FtfKUmFHDVnq8Q,spotify:track:2VmB1rF9FtfKUmFHDVnq8Q,https://api.spotify.com/v1/tracks/2VmB1rF9FtfKUmFHDVnq8Q,https://api.spotify.com/v1/audio-analysis/2VmB1rF9FtfKUmFHDVnq8Q,160520,4,baby it's you ,the beatles
10,0.673,0.349,4,-12.414,1,0.0368,0.608,0.0,0.38,0.609,124.451,audio_features,7Aobt67JnaF7qN8jCCKvHq,spotify:track:7Aobt67JnaF7qN8jCCKvHq,https://api.spotify.com/v1/tracks/7Aobt67JnaF7qN8jCCKvHq,https://api.spotify.com/v1/audio-analysis/7Aobt67JnaF7qN8jCCKvHq,117013,4,do you want to know a secret ,the beatles
11,0.42,0.372,1,-11.416,0,0.0327,0.698,0.0,0.104,0.412,101.408,audio_features,7fh53ta3vAOGJMQ4i5tCHe,spotify:track:7fh53ta3vAOGJMQ4i5tCHe,https://api.spotify.com/v1/tracks/7fh53ta3vAOGJMQ4i5tCHe,https://api.spotify.com/v1/audio-analysis/7fh53ta3vAOGJMQ4i5tCHe,123480,3,a taste of honey ,the beatles
12,0.455,0.582,4,-10.009,1,0.0292,0.629,4.22e-06,0.172,0.927,140.928,audio_features,4dessGxnKXmTbHPhVgqODq,spotify:track:4dessGxnKXmTbHPhVgqODq,https://api.spotify.com/v1/tracks/4dessGxnKXmTbHPhVgqODq,https://api.spotify.com/v1/audio-analysis/4dessGxnKXmTbHPhVgqODq,110493,4,there's a place ,the beatles
13,0.482,0.849,2,-9.198,1,0.0452,0.641,7.74e-06,0.0414,0.937,124.631,audio_features,5ZBeML7Lf3FMEVviTyvi8l,spotify:track:5ZBeML7Lf3FMEVviTyvi8l,https://api.spotify.com/v1/tracks/5ZBeML7Lf3FMEVviTyvi8l,https://api.spotify.com/v1/audio-analysis/5ZBeML7Lf3FMEVviTyvi8l,155227,4,twist and shout ,the beatles
14,0.472,0.673,4,-8.853,1,0.0318,0.284,0.0,0.206,0.862,133.117,audio_features,4ekUX4pWizXXksJe0JfS9U,spotify:track:4ekUX4pWizXXksJe0JfS9U,https://api.spotify.com/v1/tracks/4ekUX4pWizXXksJe0JfS9U,https://api.spotify.com/v1/audio-analysis/4ekUX4pWizXXksJe0JfS9U,133387,4,it won't be long ,the beatles
15,0.49,0.579,1,-10.301,0,0.0344,0.217,0.0,0.0644,0.879,119.403,audio_features,5tztLBvTlNC15Np2tnQ5Ll,spotify:track:5tztLBvTlNC15Np2tnQ5Ll,https://api.spotify.com/v1/tracks/5tztLBvTlNC15Np2tnQ5Ll,https://api.spotify.com/v1/audio-analysis/5tztLBvTlNC15Np2tnQ5Ll,122573,4,all i've got to do ,the beatles
16,0.416,0.563,1,-8.724,0,0.0298,0.207,0.0,0.343,0.9,77.56,audio_features,4joiWvli4qJVEW6qZV2i2J,spotify:track:4joiWvli4qJVEW6qZV2i2J,https://api.spotify.com/v1/tracks/4joiWvli4qJVEW6qZV2i2J,https://api.spotify.com/v1/audio-analysis/4joiWvli4qJVEW6qZV2i2J,127853,4,all my loving ,the beatles
17,0.371,0.724,2,-9.792,1,0.0562,0.554,0.0,0.299,0.916,170.377,audio_features,7y1hMqXNa0dKQLZH7CKbUG,spotify:track:7y1hMqXNa0dKQLZH7CKbUG,https://api.spotify.com/v1/tracks/7y1hMqXNa0dKQLZH7CKbUG,https://api.spotify.com/v1/audio-analysis/7y1hMqXNa0dKQLZH7CKbUG,148253,4,don't bother me ,the beatles
18,0.526,0.858,9,-8.533,1,0.0476,0.292,0.001,0.353,0.886,75.596,audio_features,0KogQrSowDnZoU8GSpaxkj,spotify:track:0KogQrSowDnZoU8GSpaxkj,https://api.spotify.com/v1/tracks/0KogQrSowDnZoU8GSpaxkj,https://api.spotify.com/v1/audio-analysis/0KogQrSowDnZoU8GSpaxkj,106400,4,little child ,the beatles
19,0.727,0.338,5,-13.887,1,0.0454,0.79,0.0,0.105,0.646,122.421,audio_features,0ESIjVxnDnCDaTPo6sStHm,spotify:track:0ESIjVxnDnCDaTPo6sStHm,https://api.spotify.com/v1/tracks/0ESIjVxnDnCDaTPo6sStHm,https://api.spotify.com/v1/audio-analysis/0ESIjVxnDnCDaTPo6sStHm,133507,4,till there was you ,the beatles
20,0.552,0.644,9,-9.129,1,0.0372,0.675,0.0,0.36,0.961,122.546,audio_features,6wfK1R6FoLpmUA9lk5ll4T,spotify:track:6wfK1R6FoLpmUA9lk5ll4T,https://api.spotify.com/v1/tracks/6wfK1R6FoLpmUA9lk5ll4T,https://api.spotify.com/v1/audio-analysis/6wfK1R6FoLpmUA9lk5ll4T,154160,4,please mister postman ,the beatles
21,0.351,0.749,2,-9.435,1,0.0628,0.289,0.0,0.0952,0.967,160.673,audio_features,3idqWaBn3mRdsIodCU6uBi,spotify:track:3idqWaBn3mRdsIodCU6uBi,https://api.spotify.com/v1/tracks/3idqWaBn3mRdsIodCU6uBi,https://api.spotify.com/v1/audio-analysis/3idqWaBn3mRdsIodCU6uBi,165467,4,roll over beethoven ,the beatles
22,0.54,0.744,5,-9.637,1,0.0312,0.664,0.0,0.21,0.963,135.731,audio_features,2RvKsA6Ho7VbJkVFiD4UQF,spotify:track:2RvKsA6Ho7VbJkVFiD4UQF,https://api.spotify.com/v1/tracks/2RvKsA6Ho7VbJkVFiD4UQF,https://api.spotify.com/v1/audio-analysis/2RvKsA6Ho7VbJkVFiD4UQF,151907,4,hold me tight ,the beatles
23,0.373,0.388,9,-9.31,1,0.0337,0.525,0.0,0.267,0.687,77.643,audio_features,7rgUYidQh5tH0YlXCoKaYJ,spotify:track:7rgUYidQh5tH0YlXCoKaYJ,https://api.spotify.com/v1/tracks/7rgUYidQh5tH0YlXCoKaYJ,https://api.spotify.com/v1/audio-analysis/7rgUYidQh5tH0YlXCoKaYJ,181347,4,you really got a hold on me ,the beatles
24,0.553,0.914,9,-8.232,1,0.0415,0.477,0.0,0.292,0.683,99.138,audio_features,0sIZcoe69iSym9AecvZ7CT,spotify:track:0sIZcoe69iSym9AecvZ7CT,https://api.spotify.com/v1/tracks/0sIZcoe69iSym9AecvZ7CT,https://api.spotify.com/v1/audio-analysis/0sIZcoe69iSym9AecvZ7CT,119507,4,i wanna be your man ,the beatles
25,0.618,0.622,7,-8.861,1,0.0296,0.227,0.0,0.0438,0.966,121.072,audio_features,5maTh4fY9SlgR3FhRkf040,spotify:track:5maTh4fY9SlgR3FhRkf040,https://api.spotify.com/v1/tracks/5maTh4fY9SlgR3FhRkf040,https://api.spotify.com/v1/audio-analysis/5maTh4fY9SlgR3FhRkf040,146213,4,devil in her heart ,the beatles
26,0.471,0.817,7,-9.999,1,0.0372,0.213,0.0,0.498,0.961,124.848,audio_features,5vl0sRtrQM1BTSAxQZFqEN,spotify:track:5vl0sRtrQM1BTSAxQZFqEN,https://api.spotify.com/v1/tracks/5vl0sRtrQM1BTSAxQZFqEN,https://api.spotify.com/v1/audio-analysis/5vl0sRtrQM1BTSAxQZFqEN,126827,4,not a second time ,the beatles
27,0.545,0.853,11,-8.369,0,0.0394,0.425,0.0,0.266,0.923,128.816,audio_features,3zw4FTrVNfy2teEkV9FOvh,spotify:track:3zw4FTrVNfy2teEkV9FOvh,https://api.spotify.com/v1/tracks/3zw4FTrVNfy2teEkV9FOvh,https://api.spotify.com/v1/audio-analysis/3zw4FTrVNfy2teEkV9FOvh,169507,1,money (that's what i want) ,the beatles
28,0.59,0.805,0,-6.481,1,0.0371,0.137,0.0,0.0996,0.797,138.514,audio_features,5J2CHimS7dWYMImCHkEFaJ,spotify:track:5J2CHimS7dWYMImCHkEFaJ,https://api.spotify.com/v1/tracks/5J2CHimS7dWYMImCHkEFaJ,https://api.spotify.com/v1/audio-analysis/5J2CHimS7dWYMImCHkEFaJ,154200,4,a hard day's night ,the beatles
29,0.682,0.444,7,-7.689,1,0.0289,0.257,0.0,0.115,0.91,130.704,audio_features,3pU1CUgPiFfxPCpscwIwQR,spotify:track:3pU1CUgPiFfxPCpscwIwQR,https://api.spotify.com/v1/tracks/3pU1CUgPiFfxPCpscwIwQR,https://api.spotify.com/v1/audio-analysis/3pU1CUgPiFfxPCpscwIwQR,163080,4,i should have known better ,the beatles
30,0.665,0.31,2,-8.928,1,0.0278,0.68,0.0,0.0877,0.568,108.211,audio_features,1hgvykolO4kBIEozATmpyj,spotify:track:1hgvykolO4kBIEozATmpyj,https://api.spotify.com/v1/tracks/1hgvykolO4kBIEozATmpyj,https://api.spotify.com/v1/audio-analysis/1hgvykolO4kBIEozATmpyj,139467,4,if i fell ,the beatles
31,0.658,0.537,6,-7.535,0,0.0307,0.138,0.0,0.0572,0.887,132.115,audio_features,0gd50I2gKioJ59C827EdAY,spotify:track:0gd50I2gKioJ59C827EdAY,https://api.spotify.com/v1/tracks/0gd50I2gKioJ59C827EdAY,https://api.spotify.com/v1/audio-analysis/0gd50I2gKioJ59C827EdAY,116373,4,i'm happy just to dance with you ,the beatles
32,0.767,0.331,1,-10.777,0,0.0337,0.64,0.0,0.0681,0.636,113.312,audio_features,65vdMBskhx3akkG9vQlSH1,spotify:track:65vdMBskhx3akkG9vQlSH1,https://api.spotify.com/v1/tracks/65vdMBskhx3akkG9vQlSH1,https://api.spotify.com/v1/audio-analysis/65vdMBskhx3akkG9vQlSH1,149693,4,and i love her ,the beatles
33,0.267,0.688,11,-6.309,0,0.0388,0.586,0.0,0.307,0.797,150.942,audio_features,0Wzp5pWPoX0YoBg002HXL9,spotify:track:0Wzp5pWPoX0YoBg002HXL9,https://api.spotify.com/v1/tracks/0Wzp5pWPoX0YoBg002HXL9,https://api.spotify.com/v1/audio-analysis/0Wzp5pWPoX0YoBg002HXL9,128693,3,tell me why ,the beatles
34,0.483,0.677,0,-5.91,1,0.0593,0.283,0.0,0.321,0.842,170.72,audio_features,3SdingSsFcZDZAyvcJbgAw,spotify:track:3SdingSsFcZDZAyvcJbgAw,https://api.spotify.com/v1/tracks/3SdingSsFcZDZAyvcJbgAw,https://api.spotify.com/v1/audio-analysis/3SdingSsFcZDZAyvcJbgAw,131867,4,can't buy me love ,the beatles
35,0.612,0.719,2,-7.026,1,0.0398,0.366,3.88e-06,0.437,0.744,141.016,audio_features,70XHAdaMaoLIOVb1hSaeJ4,spotify:track:70XHAdaMaoLIOVb1hSaeJ4,https://api.spotify.com/v1/tracks/70XHAdaMaoLIOVb1hSaeJ4,https://api.spotify.com/v1/audio-analysis/70XHAdaMaoLIOVb1hSaeJ4,131280,4,any time at all ,the beatles
36,0.643,0.73,7,-6.859,1,0.0347,0.0917,0.0,0.253,0.96,96.711,audio_features,01xMiErR26kH1KCif6uEYI,spotify:track:01xMiErR26kH1KCif6uEYI,https://api.spotify.com/v1/tracks/01xMiErR26kH1KCif6uEYI,https://api.spotify.com/v1/audio-analysis/01xMiErR26kH1KCif6uEYI,105987,4,i'll cry instead ,the beatles
37,0.551,0.575,2,-8.208,0,0.0332,0.239,0.0,0.112,0.516,137.054,audio_features,0voUr8lubIafUVJlauJxYF,spotify:track:0voUr8lubIafUVJlauJxYF,https://api.spotify.com/v1/tracks/0voUr8lubIafUVJlauJxYF,https://api.spotify.com/v1/audio-analysis/0voUr8lubIafUVJlauJxYF,155333,4,things we said today ,the beatles
38,0.568,0.793,9,-6.201,0,0.0482,0.384,0.0,0.388,0.64,125.375,audio_features,4oLQ0imA5IDtNUnhFKY87q,spotify:track:4oLQ0imA5IDtNUnhFKY87q,https://api.spotify.com/v1/tracks/4oLQ0imA5IDtNUnhFKY87q,https://api.spotify.com/v1/audio-analysis/4oLQ0imA5IDtNUnhFKY87q,136640,4,when i get home ,the beatles
39,0.612,0.788,0,-6.251,1,0.0335,0.367,0.0,0.382,0.961,129.161,audio_features,5b9G4dtK3Tdguuy9BO3Nwo,spotify:track:5b9G4dtK3Tdguuy9BO3Nwo,https://api.spotify.com/v1/tracks/5b9G4dtK3Tdguuy9BO3Nwo,https://api.spotify.com/v1/audio-analysis/5b9G4dtK3Tdguuy9BO3Nwo,154893,4,you can't do that ,the beatles
40,0.721,0.527,9,-7.224,1,0.0293,0.744,0.0,0.186,0.641,123.902,audio_features,3lSi6qfnp2YZazTzcOLBZk,spotify:track:3lSi6qfnp2YZazTzcOLBZk,https://api.spotify.com/v1/tracks/3lSi6qfnp2YZazTzcOLBZk,https://api.spotify.com/v1/audio-analysis/3lSi6qfnp2YZazTzcOLBZk,144187,4,i'll be back ,the beatles
41,0.718,0.593,0,-9.976,1,0.0377,0.67,0.0,0.172,0.869,124.251,audio_features,4ltC6PrqkTtpcRNi5lvS4z,spotify:track:4ltC6PrqkTtpcRNi5lvS4z,https://api.spotify.com/v1/tracks/4ltC6PrqkTtpcRNi5lvS4z,https://api.spotify.com/v1/audio-analysis/4ltC6PrqkTtpcRNi5lvS4z,136067,4,no reply ,the beatles
42,0.492,0.628,7,-7.813,1,0.0439,0.567,1.07e-06,0.267,0.856,89.877,audio_features,7wC4EW11mBVxDK3xdC7FTf,spotify:track:7wC4EW11mBVxDK3xdC7FTf,https://api.spotify.com/v1/tracks/7wC4EW11mBVxDK3xdC7FTf,https://api.spotify.com/v1/audio-analysis/7wC4EW11mBVxDK3xdC7FTf,150027,4,i'm a loser ,the beatles
43,0.374,0.596,9,-7.666,1,0.0416,0.434,0.0,0.098,0.876,202.97,audio_features,7cb2SdLm1UMLwdUoWwrZN1,spotify:track:7cb2SdLm1UMLwdUoWwrZN1,https://api.spotify.com/v1/tracks/7cb2SdLm1UMLwdUoWwrZN1,https://api.spotify.com/v1/audio-analysis/7cb2SdLm1UMLwdUoWwrZN1,124520,3,baby's in black ,the beatles
44,0.457,0.917,9,-6.213,1,0.0441,0.566,0.0,0.333,0.965,167.092,audio_features,7Ho3T7ERfooiAfvODaMQ2N,spotify:track:7Ho3T7ERfooiAfvODaMQ2N,https://api.spotify.com/v1/tracks/7Ho3T7ERfooiAfvODaMQ2N,https://api.spotify.com/v1/audio-analysis/7Ho3T7ERfooiAfvODaMQ2N,151280,4,rock and roll music ,the beatles
45,0.689,0.313,0,-10.073,1,0.0366,0.789,0.0,0.144,0.625,133.754,audio_features,45WX2cfbL8bCIqv3rOq1G3,spotify:track:45WX2cfbL8bCIqv3rOq1G3,https://api.spotify.com/v1/tracks/45WX2cfbL8bCIqv3rOq1G3,https://api.spotify.com/v1/audio-analysis/45WX2cfbL8bCIqv3rOq1G3,108853,4,i'll follow the sun ,the beatles
46,0.631,0.424,6,-9.106,1,0.0438,0.796,0.000143,0.118,0.589,126.127,audio_features,6pPOkr2OxhQ6htrzOiDmq9,spotify:track:6pPOkr2OxhQ6htrzOiDmq9,https://api.spotify.com/v1/tracks/6pPOkr2OxhQ6htrzOiDmq9,https://api.spotify.com/v1/audio-analysis/6pPOkr2OxhQ6htrzOiDmq9,158627,5,mr moonlight ,the beatles
47,0.588,0.724,7,-6.63,1,0.0335,0.614,8.92e-05,0.877,0.924,131.36,audio_features,5xf0zdP4KCfshyVn02D3Ea,spotify:track:5xf0zdP4KCfshyVn02D3Ea,https://api.spotify.com/v1/tracks/5xf0zdP4KCfshyVn02D3Ea,https://api.spotify.com/v1/audio-analysis/5xf0zdP4KCfshyVn02D3Ea,158147,4,kansas city / hey,the beatles
48,0.652,0.583,9,-7.811,1,0.038,0.412,0.0,0.119,0.744,138.134,audio_features,1Dg4dFJr3HW7sbA7vPejre,spotify:track:1Dg4dFJr3HW7sbA7vPejre,https://api.spotify.com/v1/tracks/1Dg4dFJr3HW7sbA7vPejre,https://api.spotify.com/v1/audio-analysis/1Dg4dFJr3HW7sbA7vPejre,163600,4,eight days a week ,the beatles
49,0.551,0.533,9,-9.8,1,0.0297,0.323,0.722,0.173,0.85,122.358,audio_features,42qkSeX6HNJYHxlk6cWoFe,spotify:track:42qkSeX6HNJYHxlk6cWoFe,https://api.spotify.com/v1/tracks/42qkSeX6HNJYHxlk6cWoFe,https://api.spotify.com/v1/audio-analysis/42qkSeX6HNJYHxlk6cWoFe,124320,4,words of love ,the beatles
50,0.629,0.545,4,-11.466,1,0.0348,0.473,5.08e-05,0.0854,0.735,162.438,audio_features,2d7GP7Fz1NrfPpo7MzWZgb,spotify:track:2d7GP7Fz1NrfPpo7MzWZgb,https://api.spotify.com/v1/tracks/2d7GP7Fz1NrfPpo7MzWZgb,https://api.spotify.com/v1/audio-analysis/2d7GP7Fz1NrfPpo7MzWZgb,177427,4,honey don't ,the beatles
51,0.74,0.49,2,-9.095,1,0.038,0.488,0.0,0.103,0.678,123.227,audio_features,2CxTkdvhDuQrOxl8xXkdJS,spotify:track:2CxTkdvhDuQrOxl8xXkdJS,https://api.spotify.com/v1/tracks/2CxTkdvhDuQrOxl8xXkdJS,https://api.spotify.com/v1/audio-analysis/2CxTkdvhDuQrOxl8xXkdJS,123800,4,every little thing ,the beatles
52,0.533,0.668,7,-7.237,1,0.033,0.451,0.0,0.149,0.889,95.438,audio_features,3kQDIa85ZK8cKVn72NfBnl,spotify:track:3kQDIa85ZK8cKVn72NfBnl,https://api.spotify.com/v1/tracks/3kQDIa85ZK8cKVn72NfBnl,https://api.spotify.com/v1/audio-analysis/3kQDIa85ZK8cKVn72NfBnl,154467,4,i don't want to spoil the party ,the beatles
53,0.695,0.53,2,-8.309,1,0.0403,0.301,2e-06,0.0583,0.825,129.506,audio_features,6C6y4OWK1Ki3FVF1TIonxW,spotify:track:6C6y4OWK1Ki3FVF1TIonxW,https://api.spotify.com/v1/tracks/6C6y4OWK1Ki3FVF1TIonxW,https://api.spotify.com/v1/audio-analysis/6C6y4OWK1Ki3FVF1TIonxW,150040,4,what you're doing ,the beatles
54,0.543,0.806,4,-7.231,1,0.0385,0.466,0.0,0.134,0.943,85.172,audio_features,4DZAH8eiqSAkMIE9l5D71U,spotify:track:4DZAH8eiqSAkMIE9l5D71U,https://api.spotify.com/v1/tracks/4DZAH8eiqSAkMIE9l5D71U,https://api.spotify.com/v1/audio-analysis/4DZAH8eiqSAkMIE9l5D71U,146000,4,everybody's trying to be my baby ,the beatles
55,0.534,0.725,6,-7.576,0,0.0332,0.188,0.0,0.0994,0.763,95.003,audio_features,7DD7eSuYSC5xk2ArU62esN,spotify:track:7DD7eSuYSC5xk2ArU62esN,https://api.spotify.com/v1/tracks/7DD7eSuYSC5xk2ArU62esN,https://api.spotify.com/v1/audio-analysis/7DD7eSuYSC5xk2ArU62esN,139560,4,help! ,the beatles
56,0.461,0.762,2,-6.727,1,0.0379,0.0537,0.0,0.238,0.632,84.496,audio_features,5xcfepnz1v7a83T8An9gjw,spotify:track:5xcfepnz1v7a83T8An9gjw,https://api.spotify.com/v1/tracks/5xcfepnz1v7a83T8An9gjw,https://api.spotify.com/v1/audio-analysis/5xcfepnz1v7a83T8An9gjw,154933,4,the night before ,the beatles
57,0.398,0.392,7,-9.05,1,0.0282,0.207,0.0,0.102,0.378,184.267,audio_features,4F1AgKpuFRMLEgtPETVwZk,spotify:track:4F1AgKpuFRMLEgtPETVwZk,https://api.spotify.com/v1/tracks/4F1AgKpuFRMLEgtPETVwZk,https://api.spotify.com/v1/audio-analysis/4F1AgKpuFRMLEgtPETVwZk,129120,3,you've got to hide your love away ,the beatles
58,0.601,0.489,9,-8.554,1,0.0455,0.277,0.0,0.0988,0.638,136.215,audio_features,5EzvwjFwdP5Kfl5AZAemzu,spotify:track:5EzvwjFwdP5Kfl5AZAemzu,https://api.spotify.com/v1/tracks/5EzvwjFwdP5Kfl5AZAemzu,https://api.spotify.com/v1/audio-analysis/5EzvwjFwdP5Kfl5AZAemzu,148787,4,i need you ,the beatles
59,0.516,0.638,9,-7.453,1,0.0314,0.238,0.0,0.333,0.822,88.657,audio_features,7hefVXaGsFPesbK6fKwS6F,spotify:track:7hefVXaGsFPesbK6fKwS6F,https://api.spotify.com/v1/tracks/7hefVXaGsFPesbK6fKwS6F,https://api.spotify.com/v1/audio-analysis/7hefVXaGsFPesbK6fKwS6F,125360,4,another girl ,the beatles
60,0.533,0.66,4,-7.694,1,0.0337,0.346,0.0,0.26,0.818,131.975,audio_features,70HNt0eoBVqr4ss68U8x3B,spotify:track:70HNt0eoBVqr4ss68U8x3B,https://api.spotify.com/v1/tracks/70HNt0eoBVqr4ss68U8x3B,https://api.spotify.com/v1/audio-analysis/70HNt0eoBVqr4ss68U8x3B,138667,4,you're going to lose that girl ,the beatles
61,0.519,0.85,9,-6.777,1,0.0678,0.0457,0.0,0.233,0.749,123.419,audio_features,7CZiDzGVjUssMSOXrDNYHL,spotify:track:7CZiDzGVjUssMSOXrDNYHL,https://api.spotify.com/v1/tracks/7CZiDzGVjUssMSOXrDNYHL,https://api.spotify.com/v1/audio-analysis/7CZiDzGVjUssMSOXrDNYHL,189680,4,ticket to ride ,the beatles
62,0.702,0.447,7,-10.122,1,0.0308,0.366,0.0,0.153,0.944,93.02,audio_features,0IxxqsYBcCHEQ1HqLYJnwx,spotify:track:0IxxqsYBcCHEQ1HqLYJnwx,https://api.spotify.com/v1/tracks/0IxxqsYBcCHEQ1HqLYJnwx,https://api.spotify.com/v1/audio-analysis/0IxxqsYBcCHEQ1HqLYJnwx,150373,4,act naturally ,the beatles
63,0.629,0.551,0,-8.281,1,0.0256,0.22,0.0,0.0432,0.685,113.155,audio_features,2ue1KRstSKHF8jQkIJZiNC,spotify:track:2ue1KRstSKHF8jQkIJZiNC,https://api.spotify.com/v1/tracks/2ue1KRstSKHF8jQkIJZiNC,https://api.spotify.com/v1/audio-analysis/2ue1KRstSKHF8jQkIJZiNC,116480,3,it's only love ,the beatles
64,0.555,0.57,7,-7.869,1,0.0302,0.415,0.0,0.191,0.899,88.316,audio_features,0y1LLH0NiwOD5tM3aNMXTr,spotify:track:0y1LLH0NiwOD5tM3aNMXTr,https://api.spotify.com/v1/tracks/0y1LLH0NiwOD5tM3aNMXTr,https://api.spotify.com/v1/audio-analysis/0y1LLH0NiwOD5tM3aNMXTr,156867,4,you like me too much ,the beatles
65,0.592,0.796,7,-8.125,1,0.0429,0.061,0.0,0.131,0.7,136.675,audio_features,2jnr9KaaMAmvk0zMcM9UzV,spotify:track:2jnr9KaaMAmvk0zMcM9UzV,https://api.spotify.com/v1/tracks/2jnr9KaaMAmvk0zMcM9UzV,https://api.spotify.com/v1/audio-analysis/2jnr9KaaMAmvk0zMcM9UzV,157987,4,tell me what you see ,the beatles
66,0.647,0.56,9,-8.809,1,0.0387,0.723,0.0,0.118,0.913,120.418,audio_features,788U1Sqej9M6c4iikuDGxO,spotify:track:788U1Sqej9M6c4iikuDGxO,https://api.spotify.com/v1/tracks/788U1Sqej9M6c4iikuDGxO,https://api.spotify.com/v1/audio-analysis/788U1Sqej9M6c4iikuDGxO,125040,3,i've just seen a face ,the beatles
67,0.332,0.179,5,-11.83,1,0.0326,0.879,0.0,0.0886,0.315,96.529,audio_features,3BQHpFgAp4l80e1XslIjNI,spotify:track:3BQHpFgAp4l80e1XslIjNI,https://api.spotify.com/v1/tracks/3BQHpFgAp4l80e1XslIjNI,https://api.spotify.com/v1/audio-analysis/3BQHpFgAp4l80e1XslIjNI,125667,4,yesterday ,the beatles
68,0.373,0.934,9,-6.753,1,0.0591,0.116,0.00445,0.0962,0.918,136.037,audio_features,70Dohn82wv6VtxGesqRzbZ,spotify:track:70Dohn82wv6VtxGesqRzbZ,https://api.spotify.com/v1/tracks/70Dohn82wv6VtxGesqRzbZ,https://api.spotify.com/v1/audio-analysis/70Dohn82wv6VtxGesqRzbZ,176507,4,dizzy miss lizzy ,the beatles
69,0.754,0.571,2,-8.547,1,0.0421,0.0173,0.0,0.3,0.82,122.463,audio_features,06ypiqmILMdVeaiErMFA91,spotify:track:06ypiqmILMdVeaiErMFA91,https://api.spotify.com/v1/tracks/06ypiqmILMdVeaiErMFA91,https://api.spotify.com/v1/audio-analysis/06ypiqmILMdVeaiErMFA91,148893,4,drive my car ,the beatles
70,0.425,0.369,4,-11.876,1,0.0379,0.183,0.00126,0.112,0.65,176.625,audio_features,1H7gMYGykdtwZOV6s1N0by,spotify:track:1H7gMYGykdtwZOV6s1N0by,https://api.spotify.com/v1/tracks/1H7gMYGykdtwZOV6s1N0by,https://api.spotify.com/v1/audio-analysis/1H7gMYGykdtwZOV6s1N0by,124693,3,norwegian wood (this bird has flown) ,the beatles
71,0.488,0.539,9,-8.752,1,0.0304,0.136,0.0,0.0538,0.473,115.941,audio_features,4LLBKnNCrSRrSjSTuiwjE9,spotify:track:4LLBKnNCrSRrSjSTuiwjE9,https://api.spotify.com/v1/tracks/4LLBKnNCrSRrSjSTuiwjE9,https://api.spotify.com/v1/audio-analysis/4LLBKnNCrSRrSjSTuiwjE9,199960,4,you won't see me ,the beatles
72,0.534,0.624,4,-9.589,1,0.0462,0.00797,0.0,0.128,0.687,121.402,audio_features,5SUlhldQJtOhUr2GzH5RI7,spotify:track:5SUlhldQJtOhUr2GzH5RI7,https://api.spotify.com/v1/tracks/5SUlhldQJtOhUr2GzH5RI7,https://api.spotify.com/v1/audio-analysis/5SUlhldQJtOhUr2GzH5RI7,163693,4,nowhere man ,the beatles
73,0.529,0.567,0,-9.796,1,0.0282,0.0124,0.0,0.0729,0.799,130.544,audio_features,64bKVrkaXQAKx04dLHqCNz,spotify:track:64bKVrkaXQAKx04dLHqCNz,https://api.spotify.com/v1/tracks/64bKVrkaXQAKx04dLHqCNz,https://api.spotify.com/v1/audio-analysis/64bKVrkaXQAKx04dLHqCNz,138520,4,think for yourself ,the beatles
74,0.59,0.641,0,-9.687,1,0.0416,0.00682,0.0,0.0553,0.792,120.773,audio_features,4GBaPHvAyj4V2jeobD9tsy,spotify:track:4GBaPHvAyj4V2jeobD9tsy,https://api.spotify.com/v1/tracks/4GBaPHvAyj4V2jeobD9tsy,https://api.spotify.com/v1/audio-analysis/4GBaPHvAyj4V2jeobD9tsy,163107,4,the word ,the beatles
75,0.578,0.29,5,-12.501,0,0.0341,0.652,0.0,0.105,0.666,117.403,audio_features,5By7Pzgl6TMuVJG168VWzS,spotify:track:5By7Pzgl6TMuVJG168VWzS,https://api.spotify.com/v1/tracks/5By7Pzgl6TMuVJG168VWzS,https://api.spotify.com/v1/audio-analysis/5By7Pzgl6TMuVJG168VWzS,162373,4,michelle ,the beatles
76,0.67,0.776,4,-10.035,1,0.0749,0.0168,3.01e-06,0.0732,0.765,96.93,audio_features,19QXdPRZFHI5kNK3tN8Mh7,spotify:track:19QXdPRZFHI5kNK3tN8Mh7,https://api.spotify.com/v1/tracks/19QXdPRZFHI5kNK3tN8Mh7,https://api.spotify.com/v1/audio-analysis/19QXdPRZFHI5kNK3tN8Mh7,168573,4,what goes on ,the beatles
77,0.699,0.294,5,-13.205,0,0.0294,0.587,0.0,0.117,0.893,96.615,audio_features,6tQvjqDIK9GXWIC6mejms8,spotify:track:6tQvjqDIK9GXWIC6mejms8,https://api.spotify.com/v1/tracks/6tQvjqDIK9GXWIC6mejms8,https://api.spotify.com/v1/audio-analysis/6tQvjqDIK9GXWIC6mejms8,151720,4,girl ,the beatles
78,0.667,0.498,1,-11.027,1,0.0364,0.00772,0.0,0.0481,0.774,85.843,audio_features,5E3BVY66TEDexFutOO5GeS,spotify:track:5E3BVY66TEDexFutOO5GeS,https://api.spotify.com/v1/tracks/5E3BVY66TEDexFutOO5GeS,https://api.spotify.com/v1/audio-analysis/5E3BVY66TEDexFutOO5GeS,146387,4,i'm looking through you ,the beatles
79,0.688,0.435,9,-11.359,1,0.0323,0.449,0.0,0.113,0.435,103.239,audio_features,3KfbEIOC7YIv90FIfNSZpo,spotify:track:3KfbEIOC7YIv90FIfNSZpo,https://api.spotify.com/v1/tracks/3KfbEIOC7YIv90FIfNSZpo,https://api.spotify.com/v1/audio-analysis/3KfbEIOC7YIv90FIfNSZpo,146333,4,in my life ,the beatles
80,0.552,0.487,6,-10.574,0,0.04,0.0175,0.0,0.105,0.657,127.201,audio_features,0CGbof9amBnsNlRhZ8IY2H,spotify:track:0CGbof9amBnsNlRhZ8IY2H,https://api.spotify.com/v1/tracks/0CGbof9amBnsNlRhZ8IY2H,https://api.spotify.com/v1/audio-analysis/0CGbof9amBnsNlRhZ8IY2H,134720,4,wait ,the beatles
81,0.492,0.755,9,-9.273,1,0.0331,0.00748,0.0,0.102,0.796,127.387,audio_features,7C6hdDIz90Uf5YmdZnYbJJ,spotify:track:7C6hdDIz90Uf5YmdZnYbJJ,https://api.spotify.com/v1/tracks/7C6hdDIz90Uf5YmdZnYbJJ,https://api.spotify.com/v1/audio-analysis/7C6hdDIz90Uf5YmdZnYbJJ,142267,4,if i needed someone ,the beatles
82,0.563,0.705,2,-9.232,1,0.103,0.0103,0.0,0.0552,0.822,176.732,audio_features,4gUYV3ktbaOeAK5KrXMWV5,spotify:track:4gUYV3ktbaOeAK5KrXMWV5,https://api.spotify.com/v1/tracks/4gUYV3ktbaOeAK5KrXMWV5,https://api.spotify.com/v1/audio-analysis/4gUYV3ktbaOeAK5KrXMWV5,141093,4,run for your life ,the beatles
83,0.469,0.596,7,-8.348,1,0.0749,0.0101,0.0,0.321,0.783,133.586,audio_features,4BRkPBUxOYffM2QXVlq7aC,spotify:track:4BRkPBUxOYffM2QXVlq7aC,https://api.spotify.com/v1/tracks/4BRkPBUxOYffM2QXVlq7aC,https://api.spotify.com/v1/audio-analysis/4BRkPBUxOYffM2QXVlq7aC,158853,4,taxman ,the beatles
84,0.581,0.28,4,-9.091,0,0.0381,0.936,1.56e-05,0.305,0.813,137.831,audio_features,5GjPQ0eI7AgmOnADn1EO6Q,spotify:track:5GjPQ0eI7AgmOnADn1EO6Q,https://api.spotify.com/v1/tracks/5GjPQ0eI7AgmOnADn1EO6Q,https://api.spotify.com/v1/audio-analysis/5GjPQ0eI7AgmOnADn1EO6Q,126533,4,eleanor rigby ,the beatles
85,0.494,0.47,8,-9.599,0,0.0301,0.21,0.0,0.28,0.698,103.477,audio_features,2ylCrFiBu98SC0vFfaCent,spotify:track:2ylCrFiBu98SC0vFfaCent,https://api.spotify.com/v1/tracks/2ylCrFiBu98SC0vFfaCent,https://api.spotify.com/v1/audio-analysis/2ylCrFiBu98SC0vFfaCent,180320,4,i'm only sleeping ,the beatles
86,0.391,0.593,5,-8.999,1,0.0413,0.7,0.000249,0.0829,0.707,123.986,audio_features,4RdJFhfLQcezwN5LsXl4qP,spotify:track:4RdJFhfLQcezwN5LsXl4qP,https://api.spotify.com/v1/tracks/4RdJFhfLQcezwN5LsXl4qP,https://api.spotify.com/v1/audio-analysis/4RdJFhfLQcezwN5LsXl4qP,179827,4,love you to ,the beatles
87,0.29,0.247,7,-12.125,1,0.0383,0.921,0.00565,0.0917,0.36,165.361,audio_features,2B4Y9u4ERAFiMo13XPJyGP,spotify:track:2B4Y9u4ERAFiMo13XPJyGP,https://api.spotify.com/v1/tracks/2B4Y9u4ERAFiMo13XPJyGP,https://api.spotify.com/v1/audio-analysis/2B4Y9u4ERAFiMo13XPJyGP,144880,4,"here, there and everywhere ",the beatles
88,0.604,0.549,1,-9.873,1,0.0389,0.531,0.0,0.438,0.696,111.398,audio_features,50xwQXPtfNZFKFeZ0XePWc,spotify:track:50xwQXPtfNZFKFeZ0XePWc,https://api.spotify.com/v1/tracks/50xwQXPtfNZFKFeZ0XePWc,https://api.spotify.com/v1/audio-analysis/50xwQXPtfNZFKFeZ0XePWc,158880,4,yellow submarine ,the beatles
89,0.329,0.678,3,-7.878,1,0.0344,0.103,0.168,0.843,0.672,106.476,audio_features,3VSuWxZM6x6V3ig5nYtikL,spotify:track:3VSuWxZM6x6V3ig5nYtikL,https://api.spotify.com/v1/tracks/3VSuWxZM6x6V3ig5nYtikL,https://api.spotify.com/v1/audio-analysis/3VSuWxZM6x6V3ig5nYtikL,156040,4,she said she said ,the beatles
90,0.77,0.496,11,-8.45,1,0.0468,0.719,0.0,0.123,0.571,117.331,audio_features,7HTH1ppjkkOe7RLoBDKXYJ,spotify:track:7HTH1ppjkkOe7RLoBDKXYJ,https://api.spotify.com/v1/tracks/7HTH1ppjkkOe7RLoBDKXYJ,https://api.spotify.com/v1/audio-analysis/7HTH1ppjkkOe7RLoBDKXYJ,129293,3,good day sunshine ,the beatles
91,0.555,0.65,4,-6.936,1,0.0282,0.0067,0.0491,0.236,0.966,132.59,audio_features,4KRgqwb4kvBuTz1utbYxfb,spotify:track:4KRgqwb4kvBuTz1utbYxfb,https://api.spotify.com/v1/tracks/4KRgqwb4kvBuTz1utbYxfb,https://api.spotify.com/v1/audio-analysis/4KRgqwb4kvBuTz1utbYxfb,120493,4,and your bird can sing ,the beatles
92,0.483,0.351,1,-10.487,0,0.0278,0.783,0.0,0.115,0.713,81.208,audio_features,1kDkaFlmkdEZiVUogaP9OZ,spotify:track:1kDkaFlmkdEZiVUogaP9OZ,https://api.spotify.com/v1/tracks/1kDkaFlmkdEZiVUogaP9OZ,https://api.spotify.com/v1/audio-analysis/1kDkaFlmkdEZiVUogaP9OZ,119813,4,for no one ,the beatles
93,0.394,0.64,4,-8.992,1,0.0488,0.164,0.139,0.153,0.574,164.626,audio_features,1ob06Ol8FMIPQgjpg7bMyk,spotify:track:1ob06Ol8FMIPQgjpg7bMyk,https://api.spotify.com/v1/tracks/1ob06Ol8FMIPQgjpg7bMyk,https://api.spotify.com/v1/audio-analysis/1ob06Ol8FMIPQgjpg7bMyk,134267,4,doctor robert ,the beatles
94,0.493,0.525,9,-9.289,1,0.0315,0.182,4.4e-06,0.148,0.449,127.492,audio_features,7orb0y6ySGdsYZywMoQtsD,spotify:track:7orb0y6ySGdsYZywMoQtsD,https://api.spotify.com/v1/tracks/7orb0y6ySGdsYZywMoQtsD,https://api.spotify.com/v1/audio-analysis/7orb0y6ySGdsYZywMoQtsD,147973,4,i want to tell you ,the beatles
95,0.521,0.524,0,-6.136,1,0.0302,0.42,9.27e-06,0.0838,0.711,136.679,audio_features,3tGhRLgcCP6SIZU3tbGl7l,spotify:track:3tGhRLgcCP6SIZU3tbGl7l,https://api.spotify.com/v1/tracks/3tGhRLgcCP6SIZU3tbGl7l,https://api.spotify.com/v1/audio-analysis/3tGhRLgcCP6SIZU3tbGl7l,149240,4,got to get you into my life ,the beatles
96,0.38,0.829,5,-6.105,1,0.0405,8.4e-05,0.00208,0.342,0.0534,125.887,audio_features,00oZhqZIQfL9P5CjOP6JsO,spotify:track:00oZhqZIQfL9P5CjOP6JsO,https://api.spotify.com/v1/tracks/00oZhqZIQfL9P5CjOP6JsO,https://api.spotify.com/v1/audio-analysis/00oZhqZIQfL9P5CjOP6JsO,179547,4,tomorrow never knows ,the beatles
97,0.451,0.673,7,-9.115,1,0.0734,0.0857,0.00225,0.797,0.583,95.513,audio_features,4fUKE8EULjQdHF4zb0M8FO,spotify:track:4fUKE8EULjQdHF4zb0M8FO,https://api.spotify.com/v1/tracks/4fUKE8EULjQdHF4zb0M8FO,https://api.spotify.com/v1/audio-analysis/4fUKE8EULjQdHF4zb0M8FO,122893,4,sgt. pepper's lonely hearts club band ,the beatles
98,0.705,0.515,4,-9.343,1,0.0337,0.365,0.0,0.389,0.803,112.035,audio_features,2RnPATK99oGOZygnD2GTO6,spotify:track:2RnPATK99oGOZygnD2GTO6,https://api.spotify.com/v1/tracks/2RnPATK99oGOZygnD2GTO6,https://api.spotify.com/v1/audio-analysis/2RnPATK99oGOZygnD2GTO6,164107,4,with a little help from my friends ,the beatles
0,0.311,0.325,2,-9.042,1,0.0283,0.0469,0.0,0.139,0.668,65.09,audio_features,25yQPHgC35WNnnOUqFhgVR,spotify:track:25yQPHgC35WNnnOUqFhgVR,https://api.spotify.com/v1/tracks/25yQPHgC35WNnnOUqFhgVR,https://api.spotify.com/v1/audio-analysis/25yQPHgC35WNnnOUqFhgVR,208467,1,lucy in the sky with diamonds ,the beatles
1,0.632,0.471,0,-7.887,1,0.0348,0.313,5.08e-06,0.0712,0.764,121.672,audio_features,3LtOmWpTXLhilL5odoKysR,spotify:track:3LtOmWpTXLhilL5odoKysR,https://api.spotify.com/v1/tracks/3LtOmWpTXLhilL5odoKysR,https://api.spotify.com/v1/audio-analysis/3LtOmWpTXLhilL5odoKysR,168120,4,getting better ,the beatles
2,0.469,0.507,0,-8.917,0,0.0451,0.382,0.0,0.0783,0.619,112.984,audio_features,3pKKxkeB1pOUMHwWBmKc3Y,spotify:track:3pKKxkeB1pOUMHwWBmKc3Y,https://api.spotify.com/v1/tracks/3pKKxkeB1pOUMHwWBmKc3Y,https://api.spotify.com/v1/audio-analysis/3pKKxkeB1pOUMHwWBmKc3Y,156827,4,fixing a hole ,the beatles
3,0.381,0.214,4,-11.629,1,0.0337,0.944,0.0,0.106,0.393,127.581,audio_features,3PjMtNzwhDHqxoKudm6GvF,spotify:track:3PjMtNzwhDHqxoKudm6GvF,https://api.spotify.com/v1/tracks/3PjMtNzwhDHqxoKudm6GvF,https://api.spotify.com/v1/audio-analysis/3PjMtNzwhDHqxoKudm6GvF,215160,3,she's leaving home ,the beatles
4,0.526,0.413,0,-9.865,1,0.0446,0.338,0.0,0.0992,0.71,111.874,audio_features,6W35n1UlkvqhfMZstB4BXs,spotify:track:6W35n1UlkvqhfMZstB4BXs,https://api.spotify.com/v1/tracks/6W35n1UlkvqhfMZstB4BXs,https://api.spotify.com/v1/audio-analysis/6W35n1UlkvqhfMZstB4BXs,157533,4,being for the benefit of mr. kite! ,the beatles
5,0.352,0.479,6,-9.965,1,0.0338,0.339,0.000353,0.486,0.354,126.166,audio_features,3Umg8CDhO8dOSj7yBTInYb,spotify:track:3Umg8CDhO8dOSj7yBTInYb,https://api.spotify.com/v1/tracks/3Umg8CDhO8dOSj7yBTInYb,https://api.spotify.com/v1/audio-analysis/3Umg8CDhO8dOSj7yBTInYb,304667,4,within you without you ,the beatles
6,0.704,0.241,1,-13.258,1,0.0476,0.625,2.8e-05,0.0868,0.661,140.411,audio_features,1NrbnHlR2BFREcyWXHIHip,spotify:track:1NrbnHlR2BFREcyWXHIHip,https://api.spotify.com/v1/tracks/1NrbnHlR2BFREcyWXHIHip,https://api.spotify.com/v1/audio-analysis/1NrbnHlR2BFREcyWXHIHip,157667,4,when i'm sixty four ,the beatles
7,0.61,0.471,8,-9.151,0,0.0261,0.0634,0.0,0.118,0.63,87.379,audio_features,6h9W5FxX4E9lUFsyq8j1AD,spotify:track:6h9W5FxX4E9lUFsyq8j1AD,https://api.spotify.com/v1/tracks/6h9W5FxX4E9lUFsyq8j1AD,https://api.spotify.com/v1/audio-analysis/6h9W5FxX4E9lUFsyq8j1AD,162093,4,lovely rita ,the beatles
8,0.542,0.618,2,-8.876,1,0.139,0.0858,0.0,0.772,0.93,121.849,audio_features,0xIuNHHcKI1JDuBPlSwzb1,spotify:track:0xIuNHHcKI1JDuBPlSwzb1,https://api.spotify.com/v1/tracks/0xIuNHHcKI1JDuBPlSwzb1,https://api.spotify.com/v1/audio-analysis/0xIuNHHcKI1JDuBPlSwzb1,161227,3,good morning good morning ,the beatles
9,0.653,0.889,0,-8.006,1,0.0453,0.0061,0.589,0.892,0.879,118.773,audio_features,42ocGQCOT0xYtV3f5kJDsD,spotify:track:42ocGQCOT0xYtV3f5kJDsD,https://api.spotify.com/v1/tracks/42ocGQCOT0xYtV3f5kJDsD,https://api.spotify.com/v1/audio-analysis/42ocGQCOT0xYtV3f5kJDsD,79067,4,sgt. pepper's lonely hearts club band ,the beatles
10,0.364,0.457,4,-14.162,0,0.0675,0.29,0.000106,0.922,0.175,163.219,audio_features,0hKRSZhUGEhKU6aNSPBACZ,spotify:track:0hKRSZhUGEhKU6aNSPBACZ,https://api.spotify.com/v1/tracks/0hKRSZhUGEhKU6aNSPBACZ,https://api.spotify.com/v1/audio-analysis/0hKRSZhUGEhKU6aNSPBACZ,337413,4,a day in the life ,the beatles
11,0.297,0.613,9,-9.065,1,0.0931,0.0385,3.98e-05,0.0734,0.338,170.962,audio_features,0qHMhBZqYb99yhX9BHcIkV,spotify:track:0qHMhBZqYb99yhX9BHcIkV,https://api.spotify.com/v1/tracks/0qHMhBZqYb99yhX9BHcIkV,https://api.spotify.com/v1/audio-analysis/0qHMhBZqYb99yhX9BHcIkV,170107,4,magical mystery tour ,the beatles
12,0.356,0.26,4,-10.577,0,0.0314,0.913,2.1e-06,0.105,0.49,144.184,audio_features,6rHh8urosEFRI67xVa6fzU,spotify:track:6rHh8urosEFRI67xVa6fzU,https://api.spotify.com/v1/tracks/6rHh8urosEFRI67xVa6fzU,https://api.spotify.com/v1/audio-analysis/6rHh8urosEFRI67xVa6fzU,179107,4,the fool on the hill ,the beatles
13,0.551,0.395,0,-14.755,1,0.0501,0.368,0.88,0.0932,0.261,92.929,audio_features,1itLKsCWHtLnxALkgBk1Fa,spotify:track:1itLKsCWHtLnxALkgBk1Fa,https://api.spotify.com/v1/tracks/1itLKsCWHtLnxALkgBk1Fa,https://api.spotify.com/v1/audio-analysis/1itLKsCWHtLnxALkgBk1Fa,135520,4,flying ,the beatles
14,0.294,0.407,0,-11.575,1,0.0308,0.0258,0.000219,0.0852,0.0378,101.052,audio_features,0QIX9BS0AUCQcHYvyrsMkV,spotify:track:0QIX9BS0AUCQcHYvyrsMkV,https://api.spotify.com/v1/tracks/0QIX9BS0AUCQcHYvyrsMkV,https://api.spotify.com/v1/audio-analysis/0QIX9BS0AUCQcHYvyrsMkV,235067,4,blue jay way ,the beatles
15,0.698,0.293,0,-11.361,1,0.0332,0.784,0.0106,0.0936,0.724,117.613,audio_features,1dxbAIfCASqv6jix2R1Taj,spotify:track:1dxbAIfCASqv6jix2R1Taj,https://api.spotify.com/v1/tracks/1dxbAIfCASqv6jix2R1Taj,https://api.spotify.com/v1/audio-analysis/1dxbAIfCASqv6jix2R1Taj,148413,4,your mother should know ,the beatles
16,0.401,0.556,2,-10.532,1,0.0513,0.0828,0.000359,0.589,0.654,85.206,audio_features,6Pq9MmkDQYZiiCDpxnvrf6,spotify:track:6Pq9MmkDQYZiiCDpxnvrf6,https://api.spotify.com/v1/tracks/6Pq9MmkDQYZiiCDpxnvrf6,https://api.spotify.com/v1/audio-analysis/6Pq9MmkDQYZiiCDpxnvrf6,275867,4,i am the walrus ,the beatles
17,0.479,0.733,0,-8.753,1,0.0256,0.306,2.4e-05,0.414,0.806,99.307,audio_features,0vZ97gHhemKm6c64hTfJNA,spotify:track:0vZ97gHhemKm6c64hTfJNA,https://api.spotify.com/v1/tracks/0vZ97gHhemKm6c64hTfJNA,https://api.spotify.com/v1/audio-analysis/0vZ97gHhemKm6c64hTfJNA,208840,4,"hello, goodbye ",the beatles
18,0.39,0.502,10,-12.277,1,0.178,0.336,0.000138,0.0713,0.289,97.871,audio_features,3Am0IbOxmvlSXro7N5iSfZ,spotify:track:3Am0IbOxmvlSXro7N5iSfZ,https://api.spotify.com/v1/tracks/3Am0IbOxmvlSXro7N5iSfZ,https://api.spotify.com/v1/audio-analysis/3Am0IbOxmvlSXro7N5iSfZ,247320,4,strawberry fields forever ,the beatles
19,0.651,0.488,9,-8.22,1,0.0316,0.212,0.026,0.136,0.49,113.038,audio_features,1h04XMpzGzmAudoI6VHBgA,spotify:track:1h04XMpzGzmAudoI6VHBgA,https://api.spotify.com/v1/tracks/1h04XMpzGzmAudoI6VHBgA,https://api.spotify.com/v1/audio-analysis/1h04XMpzGzmAudoI6VHBgA,180893,4,penny lane ,the beatles
20,0.619,0.625,7,-9.635,1,0.036,0.0119,1.05e-06,0.152,0.467,96.751,audio_features,0JBvtprXP2Z0LP3jmzA7Xp,spotify:track:0JBvtprXP2Z0LP3jmzA7Xp,https://api.spotify.com/v1/tracks/0JBvtprXP2Z0LP3jmzA7Xp,https://api.spotify.com/v1/audio-analysis/0JBvtprXP2Z0LP3jmzA7Xp,181307,4,"baby, you're a rich man ",the beatles
21,0.4,0.48,7,-7.768,1,0.0295,0.346,3.1e-05,0.155,0.653,103.436,audio_features,68BTFws92cRztMS1oQ7Ewj,spotify:track:68BTFws92cRztMS1oQ7Ewj,https://api.spotify.com/v1/tracks/68BTFws92cRztMS1oQ7Ewj,https://api.spotify.com/v1/audio-analysis/68BTFws92cRztMS1oQ7Ewj,230387,4,all you need is love ,the beatles
22,0.48,0.969,9,-7.464,1,0.0854,0.069,0.00022,0.0608,0.494,142.489,audio_features,0j3p1p06deJ7f9xmJ9yG22,spotify:track:0j3p1p06deJ7f9xmJ9yG22,https://api.spotify.com/v1/tracks/0j3p1p06deJ7f9xmJ9yG22,https://api.spotify.com/v1/audio-analysis/0j3p1p06deJ7f9xmJ9yG22,163453,4,back in the u.s.s.r. ,the beatles
23,0.388,0.529,7,-10.533,1,0.0436,0.16,0.0681,0.108,0.332,150.721,audio_features,5NQYyej46WQkgCbnzGD21W,spotify:track:5NQYyej46WQkgCbnzGD21W,https://api.spotify.com/v1/tracks/5NQYyej46WQkgCbnzGD21W,https://api.spotify.com/v1/audio-analysis/5NQYyej46WQkgCbnzGD21W,235773,4,dear prudence ,the beatles
24,0.523,0.51,7,-9.827,0,0.0514,0.0123,8.38e-05,0.108,0.789,120.432,audio_features,2jAojvUaPoHPFSPpF0UNRo,spotify:track:2jAojvUaPoHPFSPpF0UNRo,https://api.spotify.com/v1/tracks/2jAojvUaPoHPFSPpF0UNRo,https://api.spotify.com/v1/audio-analysis/2jAojvUaPoHPFSPpF0UNRo,137840,4,glass onion ,the beatles
25,0.818,0.728,10,-8.331,1,0.0314,0.232,0.0642,0.251,0.975,113.059,audio_features,1gFNm7cXfG1vSMcxPpSxec,spotify:track:1gFNm7cXfG1vSMcxPpSxec,https://api.spotify.com/v1/tracks/1gFNm7cXfG1vSMcxPpSxec,https://api.spotify.com/v1/audio-analysis/1gFNm7cXfG1vSMcxPpSxec,188960,4,ob,the beatles
26,0.792,0.763,2,-11.185,1,0.0506,0.425,0.627,0.789,0.152,89.9,audio_features,6j67aNAPeQ31uw4qw4rpLa,spotify:track:6j67aNAPeQ31uw4qw4rpLa,https://api.spotify.com/v1/tracks/6j67aNAPeQ31uw4qw4rpLa,https://api.spotify.com/v1/audio-analysis/6j67aNAPeQ31uw4qw4rpLa,52973,4,wild honey pie ,the beatles
27,0.621,0.459,0,-10.414,1,0.104,0.224,0.0,0.656,0.648,114.816,audio_features,5Z3Rd1fMcaty8g5Pn7yhBQ,spotify:track:5Z3Rd1fMcaty8g5Pn7yhBQ,https://api.spotify.com/v1/tracks/5Z3Rd1fMcaty8g5Pn7yhBQ,https://api.spotify.com/v1/audio-analysis/5Z3Rd1fMcaty8g5Pn7yhBQ,194160,4,the continuing story of bungalow bill ,the beatles
28,0.453,0.654,4,-8.855,0,0.0317,0.0205,0.00395,0.172,0.702,115.0,audio_features,389QX9Q1eUOEZ19vtzzI9O,spotify:track:389QX9Q1eUOEZ19vtzzI9O,https://api.spotify.com/v1/tracks/389QX9Q1eUOEZ19vtzzI9O,https://api.spotify.com/v1/audio-analysis/389QX9Q1eUOEZ19vtzzI9O,285000,4,while my guitar gently weeps ,the beatles
29,0.431,0.54,9,-9.6,0,0.0589,0.523,1.34e-06,0.169,0.44,139.288,audio_features,71LsKf3xISiOlY1mj7FFPP,spotify:track:71LsKf3xISiOlY1mj7FFPP,https://api.spotify.com/v1/tracks/71LsKf3xISiOlY1mj7FFPP,https://api.spotify.com/v1/audio-analysis/71LsKf3xISiOlY1mj7FFPP,164547,4,happiness is a warm gun ,the beatles
30,0.472,0.292,10,-11.591,1,0.0321,0.872,0.0007,0.128,0.824,177.624,audio_features,1swmf4hFMJYRNA8Rq9PVaW,spotify:track:1swmf4hFMJYRNA8Rq9PVaW,https://api.spotify.com/v1/tracks/1swmf4hFMJYRNA8Rq9PVaW,https://api.spotify.com/v1/audio-analysis/1swmf4hFMJYRNA8Rq9PVaW,148573,4,martha my dear ,the beatles
31,0.433,0.483,9,-9.422,1,0.175,0.656,2.64e-05,0.539,0.717,68.492,audio_features,2X9H5BokS1u5O46YpNYNsZ,spotify:track:2X9H5BokS1u5O46YpNYNsZ,https://api.spotify.com/v1/tracks/2X9H5BokS1u5O46YpNYNsZ,https://api.spotify.com/v1/audio-analysis/2X9H5BokS1u5O46YpNYNsZ,123493,4,i'm so tired ,the beatles
32,0.686,0.127,7,-14.361,1,0.0342,0.754,1.41e-05,0.0573,0.372,93.699,audio_features,5jgFfDIR6FR0gvlA56Nakr,spotify:track:5jgFfDIR6FR0gvlA56Nakr,https://api.spotify.com/v1/tracks/5jgFfDIR6FR0gvlA56Nakr,https://api.spotify.com/v1/audio-analysis/5jgFfDIR6FR0gvlA56Nakr,138387,4,blackbird ,the beatles
33,0.542,0.445,8,-9.105,1,0.0303,0.643,0.0,0.516,0.52,93.245,audio_features,4ZmjfLdJXbqjAENqk7eWSE,spotify:track:4ZmjfLdJXbqjAENqk7eWSE,https://api.spotify.com/v1/tracks/4ZmjfLdJXbqjAENqk7eWSE,https://api.spotify.com/v1/audio-analysis/4ZmjfLdJXbqjAENqk7eWSE,124267,4,piggies ,the beatles
34,0.599,0.363,7,-11.728,1,0.0315,0.333,0.0,0.243,0.648,79.456,audio_features,1ITQbrueGLl581a25XXm9c,spotify:track:1ITQbrueGLl581a25XXm9c,https://api.spotify.com/v1/tracks/1ITQbrueGLl581a25XXm9c,https://api.spotify.com/v1/audio-analysis/1ITQbrueGLl581a25XXm9c,213107,4,rocky raccoon ,the beatles
35,0.599,0.537,0,-9.617,1,0.0254,0.594,1.92e-05,0.194,0.946,84.895,audio_features,4zq4rrfHZeZsTbo5vjJXSV,spotify:track:4zq4rrfHZeZsTbo5vjJXSV,https://api.spotify.com/v1/tracks/4zq4rrfHZeZsTbo5vjJXSV,https://api.spotify.com/v1/audio-analysis/4zq4rrfHZeZsTbo5vjJXSV,230453,4,don't pass me by ,the beatles
36,0.589,0.522,2,-8.718,1,0.0521,0.53,0.000243,0.0993,0.957,187.688,audio_features,4eLIq1nQNwz2qLu8DeiWIp,spotify:track:4eLIq1nQNwz2qLu8DeiWIp,https://api.spotify.com/v1/tracks/4eLIq1nQNwz2qLu8DeiWIp,https://api.spotify.com/v1/audio-analysis/4eLIq1nQNwz2qLu8DeiWIp,101160,4,why don't we do it in the road? ,the beatles
37,0.631,0.387,5,-11.529,1,0.0262,0.742,0.000406,0.0822,0.832,103.11,audio_features,09x9v1o51dbqi5H0u7UGfp,spotify:track:09x9v1o51dbqi5H0u7UGfp,https://api.spotify.com/v1/tracks/09x9v1o51dbqi5H0u7UGfp,https://api.spotify.com/v1/audio-analysis/09x9v1o51dbqi5H0u7UGfp,105933,4,i will ,the beatles
38,0.512,0.0953,2,-16.082,1,0.0304,0.828,0.000268,0.117,0.193,134.706,audio_features,5FnpXVgDOk2sLT58qM22Of,spotify:track:5FnpXVgDOk2sLT58qM22Of,https://api.spotify.com/v1/tracks/5FnpXVgDOk2sLT58qM22Of,https://api.spotify.com/v1/audio-analysis/5FnpXVgDOk2sLT58qM22Of,176667,4,julia ,the beatles
39,0.541,0.727,2,-7.509,1,0.0384,7.37e-05,0.717,0.232,0.91,139.239,audio_features,1ABegtCPBMMJaMpfDyATjE,spotify:track:1ABegtCPBMMJaMpfDyATjE,https://api.spotify.com/v1/tracks/1ABegtCPBMMJaMpfDyATjE,https://api.spotify.com/v1/audio-analysis/1ABegtCPBMMJaMpfDyATjE,163080,4,birthday ,the beatles
40,0.327,0.525,9,-10.272,1,0.0475,0.000875,0.259,0.133,0.435,151.766,audio_features,2AsGApoUuN8pTM17Lq9eUd,spotify:track:2AsGApoUuN8pTM17Lq9eUd,https://api.spotify.com/v1/tracks/2AsGApoUuN8pTM17Lq9eUd,https://api.spotify.com/v1/audio-analysis/2AsGApoUuN8pTM17Lq9eUd,240453,3,yer blues ,the beatles
41,0.608,0.178,2,-17.109,1,0.0264,0.634,0.352,0.166,0.401,84.78,audio_features,6TjUg1cTUzWHbal6yQAi7c,spotify:track:6TjUg1cTUzWHbal6yQAi7c,https://api.spotify.com/v1/tracks/6TjUg1cTUzWHbal6yQAi7c,https://api.spotify.com/v1/audio-analysis/6TjUg1cTUzWHbal6yQAi7c,168027,4,mother nature's son ,the beatles
42,0.523,0.731,2,-8.613,1,0.0559,0.0207,0.000464,0.081,0.81,117.089,audio_features,64P3zpRsDHIk7YTpRtaKYL,spotify:track:64P3zpRsDHIk7YTpRtaKYL,https://api.spotify.com/v1/tracks/64P3zpRsDHIk7YTpRtaKYL,https://api.spotify.com/v1/audio-analysis/64P3zpRsDHIk7YTpRtaKYL,144773,4,everybody's got something to hide except me and my monkey ,the beatles
43,0.577,0.624,0,-9.626,1,0.0285,0.33,0.00622,0.117,0.671,75.478,audio_features,2tBv9tAdqEbLNDi5smSjbg,spotify:track:2tBv9tAdqEbLNDi5smSjbg,https://api.spotify.com/v1/tracks/2tBv9tAdqEbLNDi5smSjbg,https://api.spotify.com/v1/audio-analysis/2tBv9tAdqEbLNDi5smSjbg,195267,4,sexy sadie ,the beatles
44,0.166,0.831,9,-8.469,1,0.0894,0.000606,0.846,0.811,0.281,167.518,audio_features,0Bs0hUYxz7REyIHH7tRhL2,spotify:track:0Bs0hUYxz7REyIHH7tRhL2,https://api.spotify.com/v1/tracks/0Bs0hUYxz7REyIHH7tRhL2,https://api.spotify.com/v1/audio-analysis/0Bs0hUYxz7REyIHH7tRhL2,269787,4,helter skelter ,the beatles
45,0.349,0.129,5,-15.883,1,0.0294,0.539,0.405,0.192,0.163,104.837,audio_features,40d2EcaOOCUjDzzo2YvUWn,spotify:track:40d2EcaOOCUjDzzo2YvUWn,https://api.spotify.com/v1/tracks/40d2EcaOOCUjDzzo2YvUWn,https://api.spotify.com/v1/audio-analysis/40d2EcaOOCUjDzzo2YvUWn,186307,3,"long, long, long ",the beatles
46,0.386,0.626,9,-9.451,1,0.0377,0.0785,0.00164,0.621,0.695,98.425,audio_features,1aOzDhi5a1RWWRy5dmYA8I,spotify:track:1aOzDhi5a1RWWRy5dmYA8I,https://api.spotify.com/v1/tracks/1aOzDhi5a1RWWRy5dmYA8I,https://api.spotify.com/v1/audio-analysis/1aOzDhi5a1RWWRy5dmYA8I,255707,4,revolution 1 ,the beatles
47,0.537,0.297,7,-15.452,1,0.0822,0.88,1.5e-05,0.145,0.553,144.197,audio_features,1TPcNcmuKlq0PKpYOBgP1U,spotify:track:1TPcNcmuKlq0PKpYOBgP1U,https://api.spotify.com/v1/tracks/1TPcNcmuKlq0PKpYOBgP1U,https://api.spotify.com/v1/audio-analysis/1TPcNcmuKlq0PKpYOBgP1U,161160,4,honey pie ,the beatles
48,0.623,0.544,11,-11.043,0,0.0536,0.00814,0.309,0.134,0.793,120.761,audio_features,5iyCSUM7zzficwaGo8GIoc,spotify:track:5iyCSUM7zzficwaGo8GIoc,https://api.spotify.com/v1/tracks/5iyCSUM7zzficwaGo8GIoc,https://api.spotify.com/v1/audio-analysis/5iyCSUM7zzficwaGo8GIoc,174467,4,savoy truffle ,the beatles
49,0.517,0.529,9,-11.851,0,0.0323,0.115,0.00396,0.174,0.362,76.644,audio_features,5XmetMMUFNXClbiYnGdVmP,spotify:track:5XmetMMUFNXClbiYnGdVmP,https://api.spotify.com/v1/tracks/5XmetMMUFNXClbiYnGdVmP,https://api.spotify.com/v1/audio-analysis/5XmetMMUFNXClbiYnGdVmP,182080,4,cry baby cry ,the beatles
50,0.208,0.615,2,-15.297,0,0.342,0.769,0.118,0.824,0.101,91.158,audio_features,5dZ8PeKKZJLIQAWNTdp8WX,spotify:track:5dZ8PeKKZJLIQAWNTdp8WX,https://api.spotify.com/v1/tracks/5dZ8PeKKZJLIQAWNTdp8WX,https://api.spotify.com/v1/audio-analysis/5dZ8PeKKZJLIQAWNTdp8WX,502013,4,revolution 9 ,the beatles
51,0.146,0.355,7,-14.583,1,0.0352,0.865,0.835,0.114,0.178,146.408,audio_features,3T4Kt51PV4k8tx6YCtBgcl,spotify:track:3T4Kt51PV4k8tx6YCtBgcl,https://api.spotify.com/v1/tracks/3T4Kt51PV4k8tx6YCtBgcl,https://api.spotify.com/v1/audio-analysis/3T4Kt51PV4k8tx6YCtBgcl,193760,3,good night ,the beatles
52,0.605,0.536,1,-10.069,1,0.0421,0.518,0.0,0.528,0.688,110.849,audio_features,3oEo8Pqm5IAi8wQfCI5BpR,spotify:track:3oEo8Pqm5IAi8wQfCI5BpR,https://api.spotify.com/v1/tracks/3oEo8Pqm5IAi8wQfCI5BpR,https://api.spotify.com/v1/audio-analysis/3oEo8Pqm5IAi8wQfCI5BpR,159720,4,yellow submarine ,the beatles
53,0.175,0.731,9,-8.341,1,0.0705,0.000341,0.000751,0.0846,0.801,209.242,audio_features,4phXWLTSlC1BEogSWhJMDD,spotify:track:4phXWLTSlC1BEogSWhJMDD,https://api.spotify.com/v1/tracks/4phXWLTSlC1BEogSWhJMDD,https://api.spotify.com/v1/audio-analysis/4phXWLTSlC1BEogSWhJMDD,204493,4,only a northern song ,the beatles
54,0.587,0.431,2,-9.495,1,0.0686,0.0722,0.0,0.561,0.778,95.937,audio_features,2ck8lFrYAch2GPtdhpTHe3,spotify:track:2ck8lFrYAch2GPtdhpTHe3,https://api.spotify.com/v1/tracks/2ck8lFrYAch2GPtdhpTHe3,https://api.spotify.com/v1/audio-analysis/2ck8lFrYAch2GPtdhpTHe3,130893,4,all together now ,the beatles
55,0.587,0.617,7,-9.164,1,0.028,0.0197,0.639,0.199,0.947,100.495,audio_features,5xYC2ZJJ9TMJL8BOl85O2R,spotify:track:5xYC2ZJJ9TMJL8BOl85O2R,https://api.spotify.com/v1/tracks/5xYC2ZJJ9TMJL8BOl85O2R,https://api.spotify.com/v1/audio-analysis/5xYC2ZJJ9TMJL8BOl85O2R,191307,4,hey bulldog ,the beatles
56,0.39,0.781,7,-7.878,1,0.0364,4.3e-05,0.412,0.1,0.199,113.511,audio_features,2bQZ9BBhP7vSBiyDz7KXnv,spotify:track:2bQZ9BBhP7vSBiyDz7KXnv,https://api.spotify.com/v1/tracks/2bQZ9BBhP7vSBiyDz7KXnv,https://api.spotify.com/v1/audio-analysis/2bQZ9BBhP7vSBiyDz7KXnv,385013,4,it's all too much ,the beatles
57,0.4,0.463,7,-8.455,1,0.0288,0.345,4.59e-05,0.286,0.627,103.103,audio_features,2Z8cY4QpZTFUZxCQCpvNe1,spotify:track:2Z8cY4QpZTFUZxCQCpvNe1,https://api.spotify.com/v1/tracks/2Z8cY4QpZTFUZxCQCpvNe1,https://api.spotify.com/v1/audio-analysis/2Z8cY4QpZTFUZxCQCpvNe1,231213,4,all you need is love ,the beatles
58,0.354,0.281,7,-12.434,1,0.032,0.661,0.763,0.243,0.367,113.126,audio_features,1y8kq7M3tBw4zAttsZMya8,spotify:track:1y8kq7M3tBw4zAttsZMya8,https://api.spotify.com/v1/tracks/1y8kq7M3tBw4zAttsZMya8,https://api.spotify.com/v1/audio-analysis/1y8kq7M3tBw4zAttsZMya8,140733,4,pepperland ,the beatles
59,0.237,0.096,2,-20.629,0,0.0387,0.971,0.0961,0.203,0.0629,128.054,audio_features,6FvhNdlAom6yYHa8ekAaAM,spotify:track:6FvhNdlAom6yYHa8ekAaAM,https://api.spotify.com/v1/tracks/6FvhNdlAom6yYHa8ekAaAM,https://api.spotify.com/v1/audio-analysis/6FvhNdlAom6yYHa8ekAaAM,180213,4,sea of time ,the beatles
60,0.249,0.0994,6,-19.266,0,0.04,0.959,0.926,0.454,0.0357,118.99,audio_features,6n42oei7aEx2I0dcluKAGx,spotify:track:6n42oei7aEx2I0dcluKAGx,https://api.spotify.com/v1/tracks/6n42oei7aEx2I0dcluKAGx,https://api.spotify.com/v1/audio-analysis/6n42oei7aEx2I0dcluKAGx,136693,3,sea of holes ,the beatles
61,0.253,0.166,9,-16.624,1,0.0346,0.945,0.862,0.135,0.0489,83.971,audio_features,30u8QyT0kBSYO5RcZmaLl3,spotify:track:30u8QyT0kBSYO5RcZmaLl3,https://api.spotify.com/v1/tracks/30u8QyT0kBSYO5RcZmaLl3,https://api.spotify.com/v1/audio-analysis/30u8QyT0kBSYO5RcZmaLl3,216693,3,sea of monsters ,the beatles
62,0.538,0.378,9,-14.117,0,0.0387,0.934,0.758,0.456,0.16,117.185,audio_features,7zJKIrxcH2jY4TOqpvoLvH,spotify:track:7zJKIrxcH2jY4TOqpvoLvH,https://api.spotify.com/v1/tracks/7zJKIrxcH2jY4TOqpvoLvH,https://api.spotify.com/v1/audio-analysis/7zJKIrxcH2jY4TOqpvoLvH,139360,4,march of the meanies ,the beatles
63,0.269,0.0902,8,-23.018,0,0.042,0.877,0.821,0.302,0.0462,82.423,audio_features,0rHHNFcUgB0zlzCk4MVluw,spotify:track:0rHHNFcUgB0zlzCk4MVluw,https://api.spotify.com/v1/tracks/0rHHNFcUgB0zlzCk4MVluw,https://api.spotify.com/v1/audio-analysis/0rHHNFcUgB0zlzCk4MVluw,132773,4,pepperland laid waste ,the beatles
64,0.406,0.219,7,-13.155,1,0.0359,0.808,0.599,0.15,0.271,105.345,audio_features,7ExawMDcRz2lMgNEjjYzdr,spotify:track:7ExawMDcRz2lMgNEjjYzdr,https://api.spotify.com/v1/tracks/7ExawMDcRz2lMgNEjjYzdr,https://api.spotify.com/v1/audio-analysis/7ExawMDcRz2lMgNEjjYzdr,134027,4,yellow submarine in pepperland ,the beatles
65,0.533,0.376,9,-11.913,0,0.0393,0.0302,0.248,0.0926,0.187,165.007,audio_features,2EqlS6tkEnglzr7tkKAAYD,spotify:track:2EqlS6tkEnglzr7tkKAAYD,https://api.spotify.com/v1/tracks/2EqlS6tkEnglzr7tkKAAYD,https://api.spotify.com/v1/audio-analysis/2EqlS6tkEnglzr7tkKAAYD,259947,4,come together ,the beatles
66,0.396,0.338,0,-10.872,1,0.0304,0.198,2.62e-06,0.138,0.377,133.522,audio_features,0pNeVovbiZHkulpGeOx1Gj,spotify:track:0pNeVovbiZHkulpGeOx1Gj,https://api.spotify.com/v1/tracks/0pNeVovbiZHkulpGeOx1Gj,https://api.spotify.com/v1/audio-analysis/0pNeVovbiZHkulpGeOx1Gj,182293,4,something ,the beatles
67,0.764,0.426,2,-11.045,1,0.0405,0.629,0.000119,0.132,0.726,131.12,audio_features,2S8xyNRJX1XQdo3qnTuovI,spotify:track:2S8xyNRJX1XQdo3qnTuovI,https://api.spotify.com/v1/tracks/2S8xyNRJX1XQdo3qnTuovI,https://api.spotify.com/v1/audio-analysis/2S8xyNRJX1XQdo3qnTuovI,207920,4,maxwell's silver hammer ,the beatles
68,0.422,0.656,4,-8.412,1,0.0397,0.0126,0.0279,0.268,0.549,173.93,audio_features,2mxByJWOajjiVsLWjNXvDJ,spotify:track:2mxByJWOajjiVsLWjNXvDJ,https://api.spotify.com/v1/tracks/2mxByJWOajjiVsLWjNXvDJ,https://api.spotify.com/v1/audio-analysis/2mxByJWOajjiVsLWjNXvDJ,207240,3,oh! darling ,the beatles
69,0.626,0.512,1,-9.15,0,0.0247,0.155,4.65e-05,0.215,0.73,92.225,audio_features,0suLngfo7rJoetk7Ub6N8l,spotify:track:0suLngfo7rJoetk7Ub6N8l,https://api.spotify.com/v1/tracks/0suLngfo7rJoetk7Ub6N8l,https://api.spotify.com/v1/audio-analysis/0suLngfo7rJoetk7Ub6N8l,170720,4,octopus's garden ,the beatles
70,0.37,0.515,2,-9.487,0,0.0321,0.0233,0.205,0.0966,0.42,115.732,audio_features,3Z25k4ZF6QENy2d9YatsM5,spotify:track:3Z25k4ZF6QENy2d9YatsM5,https://api.spotify.com/v1/tracks/3Z25k4ZF6QENy2d9YatsM5,https://api.spotify.com/v1/audio-analysis/3Z25k4ZF6QENy2d9YatsM5,467320,4,i want you (she's so heavy) ,the beatles
71,0.557,0.54,9,-10.484,1,0.0347,0.0339,0.00248,0.179,0.394,129.171,audio_features,6dGnYIeXmHdcikdzNNDMm2,spotify:track:6dGnYIeXmHdcikdzNNDMm2,https://api.spotify.com/v1/tracks/6dGnYIeXmHdcikdzNNDMm2,https://api.spotify.com/v1/audio-analysis/6dGnYIeXmHdcikdzNNDMm2,185733,4,here comes the sun ,the beatles
72,0.328,0.249,2,-11.777,1,0.0272,0.754,5.77e-06,0.134,0.162,81.257,audio_features,1rxoyGj1QuPoVi8fOft1Kt,spotify:track:1rxoyGj1QuPoVi8fOft1Kt,https://api.spotify.com/v1/tracks/1rxoyGj1QuPoVi8fOft1Kt,https://api.spotify.com/v1/audio-analysis/1rxoyGj1QuPoVi8fOft1Kt,165667,4,because ,the beatles
73,0.335,0.416,0,-11.051,1,0.0348,0.345,0.136,0.116,0.223,174.464,audio_features,1jOLTO379yIu9aMnCkpMQl,spotify:track:1jOLTO379yIu9aMnCkpMQl,https://api.spotify.com/v1/tracks/1jOLTO379yIu9aMnCkpMQl,https://api.spotify.com/v1/audio-analysis/1jOLTO379yIu9aMnCkpMQl,242973,3,you never give me your money ,the beatles
74,0.483,0.177,2,-17.629,1,0.0277,0.284,0.499,0.116,0.192,74.994,audio_features,4nwKdZID1ht0lDBJ5h2p87,spotify:track:4nwKdZID1ht0lDBJ5h2p87,https://api.spotify.com/v1/tracks/4nwKdZID1ht0lDBJ5h2p87,https://api.spotify.com/v1/audio-analysis/4nwKdZID1ht0lDBJ5h2p87,146267,4,sun king ,the beatles
75,0.676,0.596,4,-9.107,1,0.0272,0.0699,1.96e-05,0.351,0.97,100.687,audio_features,4JOyMhad5dD81uGYLGgKrS,spotify:track:4JOyMhad5dD81uGYLGgKrS,https://api.spotify.com/v1/tracks/4JOyMhad5dD81uGYLGgKrS,https://api.spotify.com/v1/audio-analysis/4JOyMhad5dD81uGYLGgKrS,66533,4,mean mr mustard ,the beatles
76,0.474,0.939,11,-8.884,0,0.199,0.00472,0.674,0.19,0.499,166.829,audio_features,1FTCA6wQwulQFokDddKE68,spotify:track:1FTCA6wQwulQFokDddKE68,https://api.spotify.com/v1/tracks/1FTCA6wQwulQFokDddKE68,https://api.spotify.com/v1/audio-analysis/1FTCA6wQwulQFokDddKE68,72640,4,polythene pam ,the beatles
77,0.53,0.72,2,-8.793,1,0.0338,0.00376,3.38e-05,0.314,0.69,80.652,audio_features,2jtUGFsqanQ82zqDlhiKIp,spotify:track:2jtUGFsqanQ82zqDlhiKIp,https://api.spotify.com/v1/tracks/2jtUGFsqanQ82zqDlhiKIp,https://api.spotify.com/v1/audio-analysis/2jtUGFsqanQ82zqDlhiKIp,118627,4,she came in through the bathroom window ,the beatles
78,0.419,0.152,0,-12.126,1,0.0277,0.326,0.0034,0.113,0.239,80.608,audio_features,01SfTM5nfCou5gQL70r6gs,spotify:track:01SfTM5nfCou5gQL70r6gs,https://api.spotify.com/v1/tracks/01SfTM5nfCou5gQL70r6gs,https://api.spotify.com/v1/audio-analysis/01SfTM5nfCou5gQL70r6gs,91760,4,golden slumbers ,the beatles
79,0.543,0.458,0,-8.976,1,0.0274,0.226,0.00663,0.298,0.704,84.319,audio_features,5eZrW59C3UgBhkqNlowEID,spotify:track:5eZrW59C3UgBhkqNlowEID,https://api.spotify.com/v1/tracks/5eZrW59C3UgBhkqNlowEID,https://api.spotify.com/v1/audio-analysis/5eZrW59C3UgBhkqNlowEID,96467,4,carry that weight ,the beatles
80,0.647,0.487,11,-10.119,0,0.0689,0.00101,0.285,0.138,0.222,123.444,audio_features,5aHHf6jrqDRb1fcBmue2kn,spotify:track:5aHHf6jrqDRb1fcBmue2kn,https://api.spotify.com/v1/tracks/5aHHf6jrqDRb1fcBmue2kn,https://api.spotify.com/v1/audio-analysis/5aHHf6jrqDRb1fcBmue2kn,141613,1,the end ,the beatles
81,0.703,0.215,2,-23.03,1,0.0892,0.728,1.23e-06,0.13,0.522,100.874,audio_features,6UCFZ9ZOFRxK8oak7MdPZu,spotify:track:6UCFZ9ZOFRxK8oak7MdPZu,https://api.spotify.com/v1/tracks/6UCFZ9ZOFRxK8oak7MdPZu,https://api.spotify.com/v1/audio-analysis/6UCFZ9ZOFRxK8oak7MdPZu,25987,3,her majesty ,the beatles
82,0.726,0.702,7,-10.757,1,0.032,0.0974,3.46e-05,0.239,0.931,109.114,audio_features,0CaBBQsaAiRHhiLmzi7ZRp,spotify:track:0CaBBQsaAiRHhiLmzi7ZRp,https://api.spotify.com/v1/tracks/0CaBBQsaAiRHhiLmzi7ZRp,https://api.spotify.com/v1/audio-analysis/0CaBBQsaAiRHhiLmzi7ZRp,216813,4,two of us ,the beatles
83,0.538,0.478,11,-8.957,0,0.0388,0.472,0.0,0.17,0.527,59.004,audio_features,4OUmlC67FoPLvQNuE5C7kF,spotify:track:4OUmlC67FoPLvQNuE5C7kF,https://api.spotify.com/v1/tracks/4OUmlC67FoPLvQNuE5C7kF,https://api.spotify.com/v1/audio-analysis/4OUmlC67FoPLvQNuE5C7kF,235000,4,dig a pony ,the beatles
84,0.257,0.412,1,-11.788,1,0.0287,0.361,8.68e-05,0.0702,0.858,152.126,audio_features,4dkoqJrP0L8FXftrMZongF,spotify:track:4dkoqJrP0L8FXftrMZongF,https://api.spotify.com/v1/tracks/4dkoqJrP0L8FXftrMZongF,https://api.spotify.com/v1/audio-analysis/4dkoqJrP0L8FXftrMZongF,228133,4,across the universe ,the beatles
85,0.291,0.638,9,-7.854,0,0.0554,0.179,0.0,0.101,0.525,185.235,audio_features,2BMqay80iBzZTa608Y1eG1,spotify:track:2BMqay80iBzZTa608Y1eG1,https://api.spotify.com/v1/tracks/2BMqay80iBzZTa608Y1eG1,https://api.spotify.com/v1/audio-analysis/2BMqay80iBzZTa608Y1eG1,145587,3,i me mine ,the beatles
86,0.54,0.489,5,-12.276,1,0.117,0.659,0.0019,0.457,0.67,157.03,audio_features,0eRyOunOVBChlXxIvqwOxH,spotify:track:0eRyOunOVBChlXxIvqwOxH,https://api.spotify.com/v1/tracks/0eRyOunOVBChlXxIvqwOxH,https://api.spotify.com/v1/audio-analysis/0eRyOunOVBChlXxIvqwOxH,50467,3,dig it ,the beatles
87,0.443,0.403,0,-8.339,1,0.0322,0.631,0.0,0.111,0.41,143.462,audio_features,7iN1s7xHE4ifF5povM6A48,spotify:track:7iN1s7xHE4ifF5povM6A48,https://api.spotify.com/v1/tracks/7iN1s7xHE4ifF5povM6A48,https://api.spotify.com/v1/audio-analysis/7iN1s7xHE4ifF5povM6A48,243027,4,let it be ,the beatles
88,0.516,0.515,2,-12.035,0,0.215,0.379,0.0,0.103,0.524,169.039,audio_features,2VsX1BoWSGiuVXGiFSUr6h,spotify:track:2VsX1BoWSGiuVXGiFSUr6h,https://api.spotify.com/v1/tracks/2VsX1BoWSGiuVXGiFSUr6h,https://api.spotify.com/v1/audio-analysis/2VsX1BoWSGiuVXGiFSUr6h,40040,4,maggie mae ,the beatles
89,0.44,0.609,2,-8.824,1,0.0358,0.0715,0.0,0.582,0.364,165.156,audio_features,3gwRWIbr5ycEVLIAXrWaw7,spotify:track:3gwRWIbr5ycEVLIAXrWaw7,https://api.spotify.com/v1/tracks/3gwRWIbr5ycEVLIAXrWaw7,https://api.spotify.com/v1/audio-analysis/3gwRWIbr5ycEVLIAXrWaw7,217560,4,i've got a feeling ,the beatles
90,0.554,0.828,4,-6.435,1,0.0739,0.0307,0.0,0.907,0.888,90.95,audio_features,50qHmeex1nPTyQTwBXjSE4,spotify:track:50qHmeex1nPTyQTwBXjSE4,https://api.spotify.com/v1/tracks/50qHmeex1nPTyQTwBXjSE4,https://api.spotify.com/v1/audio-analysis/50qHmeex1nPTyQTwBXjSE4,173960,4,one after 909 ,the beatles
91,0.299,0.329,3,-10.096,1,0.0279,0.756,0.0105,0.0559,0.392,132.282,audio_features,3mlMpmY8oZIBFc39D9zLbh,spotify:track:3mlMpmY8oZIBFc39D9zLbh,https://api.spotify.com/v1/tracks/3mlMpmY8oZIBFc39D9zLbh,https://api.spotify.com/v1/audio-analysis/3mlMpmY8oZIBFc39D9zLbh,218187,4,the long and winding road ,the beatles
92,0.88,0.556,2,-10.773,1,0.0855,0.24,0.0483,0.24,0.955,128.542,audio_features,5dpRJkvY8oWMQmQbEQTXhO,spotify:track:5dpRJkvY8oWMQmQbEQTXhO,https://api.spotify.com/v1/tracks/5dpRJkvY8oWMQmQbEQTXhO,https://api.spotify.com/v1/audio-analysis/5dpRJkvY8oWMQmQbEQTXhO,152213,4,for you blue ,the beatles
93,0.761,0.592,2,-9.836,1,0.0586,0.492,0.00626,0.61,0.332,123.095,audio_features,4MLBqAEzNN89o2M9h92Z26,spotify:track:4MLBqAEzNN89o2M9h92Z26,https://api.spotify.com/v1/tracks/4MLBqAEzNN89o2M9h92Z26,https://api.spotify.com/v1/audio-analysis/4MLBqAEzNN89o2M9h92Z26,189387,4,get back ,the beatles
